position,reference_residue,residue,count,frequency,is_reference
1,K,K,8,0.8888888888888888,True
1,K,P,1,0.1111111111111111,False
2,T,T,9,1.0,True
3,T,T,9,1.0,True
4,K,K,4,0.4444444444444444,True
4,K,P,5,0.5555555555555556,False
5,S,A,2,0.2222222222222222,False
5,S,G,2,0.2222222222222222,False
5,S,P,2,0.2222222222222222,False
5,S,S,3,0.3333333333333333,True
