generation,sequence,modification,is_valid,failed_filters,optimization_score,functional_score,edit_distance,penetration_score,formula,molecular_weight,tpsa,logp,hbd,hba,rotatable_bonds,formal_charge
,PTTPS,unmodified,True,,0.4577533834206667,0.6666666666666666,2,0.686630075131,C21H35N5O9,501.5370000000003,217.62999999999997,-3.9776999999999907,8,9,11,0
,KTTPS,unmodified,True,,0.45493128797236393,0.8333333333333334,1,0.5459175455668367,C22H40N6O9,532.5950000000005,257.64,-4.273399999999995,9,10,15,0
,KTTPA,unmodified,True,,0.4360884474486182,0.6870833333333334,2,0.6346951327329797,C22H40N6O8,516.5960000000005,237.40999999999997,-3.245799999999992,8,9,14,0
,PTTKS,unmodified,True,,0.4330649614417517,0.8333333333333334,1,0.5196779537301021,C22H40N6O9,532.5950000000005,252.43999999999997,-4.354899999999997,10,10,16,0
,MTTPS,unmodified,True,,0.43177468454965984,0.6666666666666666,2,0.6476620268244898,C21H37N5O9S,535.6200000000005,231.61999999999998,-3.649299999999991,8,10,14,0
,PTTAS,unmodified,True,,0.4258263911564626,0.6666666666666666,2,0.6387395867346939,C19H33N5O9,475.4990000000002,226.41999999999996,-4.4639999999999915,9,9,12,0
,FTTPS,unmodified,True,,0.42307152959764116,0.6511111111111111,2,0.6497685608154898,C25H37N5O9,551.5970000000004,231.61999999999998,-3.1596999999999924,8,9,13,0
,KPTKS,unmodified,True,,0.42176379657270413,0.8333333333333334,1,0.5061165558872449,C24H45N7O8,559.6650000000004,263.42999999999995,-3.5251999999999977,9,10,18,0
,PTTVS,unmodified,True,,0.41920287668326284,0.6588888888888889,2,0.636226962925694,C21H37N5O9,503.5530000000002,226.41999999999996,-3.8278999999999908,9,9,13,0
,KPTGS,unmodified,True,,0.4183750467219388,0.6588888888888889,2,0.6349705599489797,C20H36N6O8,488.54200000000026,237.40999999999994,-4.022799999999991,8,9,14,0
