generation,sequence,modification,is_valid,failed_filters,optimization_score,functional_score,edit_distance,penetration_score,formula,molecular_weight,tpsa,logp,hbd,hba,rotatable_bonds,formal_charge
,KTTPS,unmodified,True,,0.45493128797236393,0.8333333333333334,1,0.5459175455668367,C22H40N6O9,532.5950000000005,257.64,-4.273399999999995,9,10,15,0
,PTTKS,unmodified,True,,0.4330649614417517,0.8333333333333334,1,0.5196779537301021,C22H40N6O9,532.5950000000005,252.43999999999997,-4.354899999999997,10,10,16,0
,KTPKS,unmodified,True,,0.4217637965727039,0.8333333333333334,1,0.5061165558872447,C24H45N7O8,559.6650000000005,263.43,-3.5251999999999977,9,10,18,0
,ATTKS,unmodified,True,,0.3983937537295748,0.8333333333333334,1,0.47807250447548977,C20H38N6O9,506.55700000000036,266.43,-4.759699999999997,10,10,16,0
,KTTKS,unmodified,True,,0.39494829559099986,1.0,0,0.39494829559099986,C23H45N7O9,563.6530000000005,292.45,-4.650599999999999,11,11,20,0
,KTTGS,unmodified,True,,0.3947109061692179,0.8255555555555556,1,0.47811549872449,C19H36N6O9,492.5300000000003,266.42999999999995,-5.1482,10,10,16,0
,GTTKS,unmodified,True,,0.39471090616921767,0.8255555555555556,1,0.4781154987244898,C19H36N6O9,492.5300000000003,266.43,-5.1482,10,10,16,0
,VTTKS,unmodified,True,,0.38835584445643656,0.8255555555555556,1,0.4704175774034898,C22H42N6O9,534.6110000000004,266.43,-4.123599999999996,10,10,17,0
,KTTCS,unmodified,True,,0.38363892490720963,0.8177777777777778,1,0.46912368534849,C20H38N6O9S,538.6240000000004,266.42999999999995,-4.849799999999995,11,11,17,0
,CTTKS,unmodified,True,,0.38363892490720947,0.8177777777777778,1,0.4691236853484898,C20H38N6O9S,538.6240000000005,266.43,-4.8497999999999974,11,11,17,0
