name,sequence,source,priority_label,penetration_score,conformer_count,min_radius_of_gyration,mean_radius_of_gyration,max_radius_of_gyration,std_radius_of_gyration,min_energy,mean_energy
PTTPS,PTTPS,rdkit_fasta,high_penetration_tradeoff,0.686630075131,8,4.625606309270409,5.049407075143211,5.4681565925389455,0.28028907024238214,116.04235983700953,123.8958792224122
KTTPP,KTTPP,rdkit_fasta,high_penetration_tradeoff,0.677510092044,8,4.660247313036105,5.24643711935574,5.728216497770089,0.39982972755534274,113.67713025824472,124.17039251260933
KTTPG,KTTPG,rdkit_fasta,exploratory,0.6349639601879797,8,4.567484304862898,4.926637856041843,5.4519803080131615,0.2692098640417357,94.82230470046447,103.22052300574317
KTTPA,KTTPA,rdkit_fasta,exploratory,0.6346951327329797,8,4.469002030748813,5.092497385876271,5.672256074907494,0.4028812238624787,96.70451150852006,103.55747227192643
KTTPS,KTTPS,rdkit_fasta,balanced,0.5459175455668367,8,4.484554992476823,5.083653446336518,6.060517062753757,0.49529848290589207,112.79105152936111,118.42185782308916
Matrixyl core,KTTKS,rdkit_fasta,function_anchor,,8,4.802479610576339,5.424096767105945,5.994918867552944,0.38563931870570234,91.5119762439841,105.05424349493728
Pal-KTTKS,KTTKS,pubchem_smiles,lipidated_baseline,,3,8.249934130888098,8.379766478970602,8.579149562275985,0.14311691873781682,76.24938729204881,78.66175778461658
